{"format":"json", "generated_at":"2025-09-26T18:07:47+03:00", "iterations":30, "scenarios": [ {"answers": ["popups=yes", "slow_performance=yes", "disk_full=unsure" ], "description":"Popups and sluggish apps (malware-heavy path)", "goal":"diagnosis", "id":"slow_malware", "iterations":30, "metrics": {"cpu_ms": {"avg":0.06883753333333566, "max":0.135247000000005, "median":0.059548499999992344, "min":0.056917999999989144, "p95":0.12913499999998856}, "inferences": {"avg":494.1, "max":497, "median":494, "min":494, "p95":494}, "memory_kb": {"avg":2.9375, "max":2.9375, "median":2.9375, "min":2.9375, "p95":2.9375}, "wall_ms": {"avg":0.07185935974121094, "max":0.141143798828125, "median":0.06210803985595703, "min":0.05936622619628906, "p95":0.1354217529296875}}},  {"answers": ["overheating=yes" ], "description":"Overheating triggering follow-up questions", "goal":"diagnosis", "id":"overheating_chain", "iterations":30, "metrics": {"cpu_ms": {"avg":0.06332463333333742, "max":0.11749400000002352, "median":0.05525499999999017, "min":0.05015599999999565, "p95":0.0956319999999844}, "inferences": {"avg":370, "max":370, "median":370, "min":370, "p95":370}, "memory_kb": {"avg":3.625, "max":3.625, "median":3.625, "min":3.625, "p95":3.625}, "wall_ms": {"avg":0.06605784098307292, "max":0.12302398681640625, "median":0.057697296142578125, "min":0.05221366882324219, "p95":0.09918212890625}}},  {"answers": ["wifi_disconnects=yes", "slow_internet=yes", "network_latency_spikes=yes" ], "description":"Wi-Fi instability and slow internet", "goal":"diagnosis", "id":"network_latency", "iterations":30, "metrics": {"cpu_ms": {"avg":0.07165330000000006, "max":0.10416799999998783, "median":0.06714750000000325, "min":0.04878299999999669, "p95":0.09721499999998384}, "inferences": {"avg":404, "max":404, "median":404, "min":404, "p95":404}, "memory_kb": {"avg":2.890625, "max":2.890625, "median":2.890625, "min":2.890625, "p95":2.890625}, "wall_ms": {"avg":0.07472832997639973, "max":0.10848045349121094, "median":0.07009506225585938, "min":0.051021575927734375, "p95":0.10085105895996094}}},  {"answers": ["normal_boot=yes", "sound_works=yes", "high_performance=yes", "clean_desktop=yes" ], "description":"Healthy system signals for baseline measurement", "goal":"diagnosis", "id":"healthy_baseline", "iterations":30, "metrics": {"cpu_ms": {"avg":0.03969476666666749, "max":0.0730379999999975, "median":0.0370350000000047, "min":0.029997000000003826, "p95":0.06464200000000364}, "inferences": {"avg":242, "max":242, "median":242, "min":242, "p95":242}, "memory_kb": {"avg":2.515625, "max":2.515625, "median":2.515625, "min":2.515625, "p95":2.515625}, "wall_ms": {"avg":0.04138946533203125, "max":0.0762939453125, "median":0.038623809814453125, "min":0.031232833862304688, "p95":0.06747245788574219}}},  {"answers": ["display_artifacts=yes", "overheating=yes", "loud_fan=unsure" ], "description":"Direct inference engine call without follow-ups", "goal":"find_causes", "id":"pure_find_causes", "iterations":30, "metrics": {"cpu_ms": {"avg":0.04975663333333288, "max":0.062048000000008985, "median":0.04725449999999631, "min":0.04450500000000024, "p95":0.05973400000000573}, "inferences": {"avg":400, "max":400, "median":400, "min":400, "p95":400}, "memory_kb": {"avg":2.203125, "max":2.203125, "median":2.203125, "min":2.203125, "p95":2.203125}, "wall_ms": {"avg":0.052007039388020836, "max":0.064849853515625, "median":0.04947185516357422, "min":0.04649162292480469, "p95":0.062465667724609375}}} ]}